{"cameraMode":{"drawMode":0,"name":"Shaded","section":"Shading Mode"},"sceneLighting":false,"audioPlay":false,"sceneViewState":{"showFog":true,"showMaterialUpdate":false,"showSkybox":false,"showFlares":true,"showImageEffects":true,"showParticleSystems":true},"in2DMode":false,"pivot":{"x":1.1920928955078126e-7,"y":1.1920928955078126e-7,"z":-2.6003260612487795},"rotation":{"x":-0.2324148565530777,"y":0.09959650784730911,"z":-0.023916590958833696,"w":-0.9672578573226929},"size":1.4577386379241944,"orthographic":false}