{"cameraMode":{"drawMode":0,"name":"Shaded","section":"Shading Mode"},"sceneLighting":false,"audioPlay":false,"sceneViewState":{"showFog":true,"showMaterialUpdate":false,"showSkybox":false,"showFlares":true,"showImageEffects":true,"showParticleSystems":true},"in2DMode":false,"pivot":{"x":-0.2815612256526947,"y":-0.08251813799142838,"z":0.36284390091896059},"rotation":{"x":-0.20947317779064179,"y":-0.7202951908111572,"z":0.2457798421382904,"w":-0.6140026450157166},"size":1.002805471420288,"orthographic":false}